省,年份,家谱数量
上海市,1690,1
上海市,1707,1
上海市,1719,1
上海市,1720,1
上海市,1735,1
上海市,1760,1
上海市,1761,1
上海市,1765,1
上海市,1766,1
上海市,1769,1
上海市,1775,1
上海市,1776,1
上海市,1783,1
上海市,1784,1
上海市,1790,1
上海市,1791,2
上海市,1797,3
上海市,1798,1
上海市,1799,3
上海市,1801,2
上海市,1806,2
上海市,1809,6
上海市,1811,1
上海市,1812,1
上海市,1816,1
上海市,1819,1
上海市,1823,1
上海市,1825,2
上海市,1826,1
上海市,1827,1
上海市,1828,1
上海市,1829,1
上海市,1831,1
上海市,1832,1
上海市,1833,1
上海市,1836,1
上海市,1837,1
上海市,1838,1
上海市,1839,1
上海市,1841,3
上海市,1844,3
上海市,1847,3
上海市,1848,3
上海市,1854,2
上海市,1857,1
上海市,1858,1
上海市,1862,1
上海市,1864,3
上海市,1865,1
上海市,1866,2
上海市,1867,2
上海市,1868,1
上海市,1869,1
上海市,1870,3
上海市,1871,2
上海市,1873,1
上海市,1874,2
上海市,1875,1
上海市,1877,2
上海市,1878,3
上海市,1879,2
上海市,1880,1
上海市,1881,4
上海市,1883,1
上海市,1884,2
上海市,1886,2
上海市,1887,3
上海市,1888,2
上海市,1889,1
上海市,1890,4
上海市,1891,2
上海市,1892,1
上海市,1893,4
上海市,1894,1
上海市,1895,1
上海市,1896,2
上海市,1897,1
上海市,1898,5
上海市,1899,3
上海市,1900,2
上海市,1901,1
上海市,1902,1
上海市,1903,1
上海市,1906,1
上海市,1907,1
上海市,1908,1
上海市,1909,4
上海市,1910,1
上海市,1911,2
上海市,1912,3
上海市,1913,4
上海市,1914,3
上海市,1915,3
上海市,1916,2
上海市,1917,4
上海市,1918,3
上海市,1919,1
上海市,1920,2
上海市,1921,3
上海市,1922,1
上海市,1923,1
上海市,1924,5
上海市,1925,7
上海市,1926,3
上海市,1927,1
上海市,1929,4
上海市,1930,7
上海市,1931,4
上海市,1933,3
上海市,1934,3
上海市,1935,3
上海市,1936,3
上海市,1937,1
上海市,1939,3
上海市,1940,2
上海市,1941,1
上海市,1942,3
上海市,1943,2
上海市,1944,2
上海市,1948,3
上海市,1949,1
上海市,1950,1
上海市,1963,1
上海市,1969,1
上海市,1983,1
上海市,1988,2
上海市,1989,1
上海市,1992,1
上海市,1995,1
上海市,1997,2
上海市,1998,2
上海市,1999,2
上海市,2000,2
上海市,2001,1
上海市,2002,2
上海市,2003,3
上海市,2004,4
上海市,2005,2
上海市,2006,4
上海市,2007,4
上海市,2008,3
上海市,2009,1
上海市,2010,5
上海市,2011,6
上海市,2012,7
上海市,2013,3
上海市,2014,3
上海市,2015,5
上海市,2016,3
上海市,2017,2
上海市,2018,2
上海市,2019,1
上海市,2020,1
上海市,2021,2
上海市,2022,1
上海市,2023,4
云南,1844,1
云南,1846,2
云南,1853,1
云南,1906,2
云南,1913,1
云南,1914,1
云南,1915,1
云南,1917,1
云南,1920,1
云南,1924,2
云南,1925,1
云南,1928,2
云南,1929,1
云南,1930,3
云南,1932,1
云南,1934,1
云南,1936,2
云南,1937,3
云南,1938,2
云南,1939,1
云南,1940,1
云南,1941,1
云南,1942,1
云南,1943,2
云南,1947,1
云南,1949,2
云南,1958,2
云南,1977,1
云南,1985,1
云南,1986,3
云南,1987,2
云南,1989,2
云南,1990,6
云南,1993,4
云南,1994,5
云南,1995,10
云南,1996,6
云南,1997,8
云南,1998,6
云南,1999,11
云南,2000,4
云南,2001,7
云南,2002,3
云南,2003,9
云南,2004,13
云南,2005,13
云南,2006,5
云南,2007,8
云南,2008,16
云南,2009,13
云南,2010,13
云南,2011,19
云南,2012,11
云南,2013,21
云南,2014,17
云南,2015,19
云南,2016,23
云南,2017,28
云南,2018,24
云南,2019,21
云南,2020,15
云南,2021,7
云南,2022,6
云南,2023,1
内蒙古自治区,1999,1
内蒙古自治区,2000,1
内蒙古自治区,2005,2
内蒙古自治区,2006,1
内蒙古自治区,2008,1
内蒙古自治区,2011,2
内蒙古自治区,2014,4
内蒙古自治区,2015,1
内蒙古自治区,2016,4
内蒙古自治区,2017,7
内蒙古自治区,2018,3
内蒙古自治区,2019,4
内蒙古自治区,2020,3
内蒙古自治区,2021,1
内蒙古自治区,2022,3
北京市,1784,1
北京市,1795,2
北京市,1797,1
北京市,1821,1
北京市,1863,1
北京市,1885,1
北京市,1892,1
北京市,1909,1
北京市,1911,1
北京市,1919,1
北京市,1941,1
北京市,1948,1
北京市,1963,1
北京市,2002,1
北京市,2003,1
北京市,2006,1
北京市,2007,1
北京市,2013,1
北京市,2016,1
北京市,2017,3
北京市,2018,1
北京市,2019,1
台湾,1950,1
台湾,1952,1
台湾,1958,3
台湾,1961,1
台湾,1965,1
台湾,1968,1
台湾,1972,1
台湾,1973,1
台湾,1975,3
台湾,1976,1
台湾,1978,2
台湾,1979,3
台湾,1980,5
台湾,1981,8
台湾,1982,7
台湾,1983,3
台湾,1984,1
台湾,1985,104
台湾,1986,13
台湾,1987,7
台湾,1989,3
台湾,1990,2
台湾,1991,6
台湾,1992,6
台湾,1993,6
台湾,1994,3
台湾,1995,7
台湾,1996,5
台湾,1997,5
台湾,1998,4
台湾,1999,8
台湾,2000,4
台湾,2001,8
台湾,2002,7
台湾,2003,5
台湾,2004,8
台湾,2005,3
台湾,2006,4
台湾,2007,3
台湾,2008,7
台湾,2009,6
台湾,2010,4
台湾,2011,3
台湾,2012,6
台湾,2013,1
台湾,2014,7
台湾,2015,2
台湾,2016,3
台湾,2017,2
台湾,2018,1
吉林,1801,1
吉林,1849,1
吉林,1862,1
吉林,1894,1
吉林,1910,1
吉林,1924,1
吉林,1928,1
吉林,1929,1
吉林,1940,1
吉林,1983,1
吉林,1989,2
吉林,1993,1
吉林,1995,1
吉林,1996,2
吉林,1997,2
吉林,1998,1
吉林,2001,1
吉林,2002,1
吉林,2007,1
吉林,2008,1
吉林,2009,1
吉林,2010,1
吉林,2012,2
吉林,2013,3
吉林,2014,1
吉林,2015,3
吉林,2016,1
吉林,2019,2
吉林,2020,2
四川,1759,1
四川,1766,1
四川,1782,1
四川,1796,1
四川,1802,1
四川,1804,1
四川,1806,1
四川,1809,1
四川,1811,2
四川,1813,1
四川,1814,1
四川,1815,1
四川,1818,1
四川,1819,1
四川,1821,2
四川,1822,1
四川,1828,1
四川,1832,2
四川,1834,1
四川,1838,3
四川,1842,1
四川,1845,1
四川,1846,3
四川,1849,1
四川,1850,1
四川,1851,2
四川,1853,1
四川,1855,2
四川,1856,3
四川,1857,3
四川,1858,1
四川,1859,1
四川,1860,5
四川,1861,1
四川,1862,1
四川,1863,3
四川,1864,3
四川,1865,3
四川,1866,4
四川,1868,1
四川,1869,3
四川,1870,1
四川,1871,3
四川,1872,3
四川,1873,2
四川,1874,1
四川,1875,4
四川,1876,3
四川,1877,2
四川,1878,2
四川,1879,3
四川,1881,1
四川,1882,2
四川,1883,3
四川,1884,2
四川,1885,1
四川,1888,2
四川,1889,1
四川,1890,3
四川,1891,2
四川,1892,2
四川,1894,4
四川,1895,3
四川,1896,2
四川,1898,6
四川,1899,3
四川,1900,5
四川,1902,2
四川,1904,3
四川,1905,2
四川,1906,3
四川,1907,6
四川,1909,6
四川,1910,3
四川,1911,4
四川,1912,7
四川,1913,4
四川,1914,8
四川,1915,4
四川,1916,7
四川,1917,2
四川,1918,5
四川,1919,2
四川,1920,2
四川,1921,6
四川,1922,9
四川,1923,4
四川,1924,3
四川,1925,4
四川,1926,4
四川,1927,7
四川,1928,7
四川,1929,8
四川,1930,6
四川,1931,7
四川,1932,6
四川,1933,5
四川,1934,6
四川,1935,3
四川,1936,8
四川,1937,4
四川,1938,5
四川,1939,8
四川,1940,2
四川,1941,2
四川,1942,5
四川,1943,7
四川,1944,2
四川,1945,3
四川,1946,3
四川,1947,10
四川,1948,4
四川,1949,5
四川,1950,2
四川,1957,2
四川,1964,3
四川,1975,1
四川,1984,1
四川,1985,4
四川,1986,3
四川,1987,6
四川,1989,5
四川,1990,6
四川,1991,2
四川,1992,9
四川,1993,6
四川,1994,5
四川,1995,11
四川,1996,17
四川,1997,18
四川,1998,33
四川,1999,44
四川,2000,69
四川,2001,33
四川,2002,26
四川,2003,34
四川,2004,37
四川,2005,47
四川,2006,32
四川,2007,27
四川,2008,40
四川,2009,36
四川,2010,49
四川,2011,42
四川,2012,49
四川,2013,58
四川,2014,43
四川,2015,69
四川,2016,85
四川,2017,52
四川,2018,40
四川,2019,49
四川,2020,40
四川,2021,15
四川,2022,7
四川,2023,9
四川,2024,1
天津市,1782,1
天津市,1870,1
天津市,1886,1
天津市,1903,1
天津市,1927,1
天津市,1930,1
天津市,1936,1
天津市,1938,1
天津市,1941,1
天津市,1942,1
天津市,1983,1
天津市,1988,1
天津市,1995,2
天津市,1999,1
天津市,2000,1
天津市,2004,1
天津市,2008,2
天津市,2009,1
天津市,2010,1
天津市,2011,1
天津市,2012,3
天津市,2013,2
天津市,2014,3
天津市,2015,3
天津市,2016,3
天津市,2017,5
天津市,2018,4
天津市,2019,2
天津市,2020,2
宁夏回族自治区,2001,2
宁夏回族自治区,2006,1
宁夏回族自治区,2007,1
宁夏回族自治区,2008,1
宁夏回族自治区,2009,1
宁夏回族自治区,2012,2
宁夏回族自治区,2013,3
宁夏回族自治区,2014,3
宁夏回族自治区,2015,4
宁夏回族自治区,2016,3
宁夏回族自治区,2017,1
宁夏回族自治区,2018,3
宁夏回族自治区,2019,4
宁夏回族自治区,2020,1
安徽,1271,1
安徽,1337,1
安徽,1386,1
安徽,1389,1
安徽,1438,1
安徽,1439,2
安徽,1451,1
安徽,1463,1
安徽,1467,1
安徽,1468,2
安徽,1470,1
安徽,1471,1
安徽,1473,1
安徽,1474,2
安徽,1480,1
安徽,1482,1
安徽,1487,2
安徽,1492,1
安徽,1498,1
安徽,1499,1
安徽,1500,1
安徽,1501,1
安徽,1506,1
安徽,1507,1
安徽,1511,1
安徽,1515,1
安徽,1516,1
安徽,1517,1
安徽,1518,1
安徽,1527,1
安徽,1530,3
安徽,1531,1
安徽,1532,3
安徽,1533,1
安徽,1535,1
安徽,1537,2
安徽,1538,2
安徽,1539,1
安徽,1540,1
安徽,1541,5
安徽,1542,1
安徽,1544,2
安徽,1545,1
安徽,1546,1
安徽,1549,2
安徽,1551,1
安徽,1552,1
安徽,1553,1
安徽,1555,3
安徽,1556,1
安徽,1558,3
安徽,1559,1
安徽,1560,2
安徽,1562,1
安徽,1563,1
安徽,1564,1
安徽,1565,1
安徽,1566,2
安徽,1567,1
安徽,1568,1
安徽,1569,2
安徽,1570,4
安徽,1572,4
安徽,1573,2
安徽,1574,1
安徽,1575,1
安徽,1576,1
安徽,1577,2
安徽,1578,3
安徽,1579,2
安徽,1580,1
安徽,1581,1
安徽,1582,3
安徽,1583,2
安徽,1584,2
安徽,1586,3
安徽,1587,1
安徽,1588,1
安徽,1592,3
安徽,1593,1
安徽,1594,3
安徽,1596,2
安徽,1598,2
安徽,1599,4
安徽,1601,1
安徽,1602,2
安徽,1604,1
安徽,1606,4
安徽,1607,1
安徽,1608,2
安徽,1610,1
安徽,1612,5
安徽,1615,2
安徽,1616,1
安徽,1617,1
安徽,1618,1
安徽,1621,2
安徽,1624,2
安徽,1625,1
安徽,1626,1
安徽,1627,1
安徽,1628,1
安徽,1629,1
安徽,1630,4
安徽,1631,2
安徽,1632,1
安徽,1635,1
安徽,1637,1
安徽,1638,1
安徽,1641,2
安徽,1643,2
安徽,1644,3
安徽,1647,1
安徽,1651,1
安徽,1652,1
安徽,1657,2
安徽,1659,2
安徽,1660,1
安徽,1663,1
安徽,1666,3
安徽,1668,2
安徽,1669,1
安徽,1670,3
安徽,1671,1
安徽,1672,1
安徽,1673,3
安徽,1675,1
安徽,1679,1
安徽,1680,1
安徽,1681,2
安徽,1682,2
安徽,1683,1
安徽,1684,3
安徽,1685,3
安徽,1687,1
安徽,1688,1
安徽,1690,1
安徽,1691,1
安徽,1692,1
安徽,1693,1
安徽,1694,1
安徽,1695,2
安徽,1696,1
安徽,1698,1
安徽,1700,2
安徽,1701,2
安徽,1702,2
安徽,1704,1
安徽,1705,1
安徽,1707,1
安徽,1709,1
安徽,1710,2
安徽,1711,1
安徽,1712,1
安徽,1716,3
安徽,1718,1
安徽,1719,1
安徽,1720,3
安徽,1721,2
安徽,1722,1
安徽,1723,1
安徽,1724,1
安徽,1726,1
安徽,1729,1
安徽,1730,2
安徽,1731,2
安徽,1732,1
安徽,1733,1
安徽,1735,1
安徽,1736,2
安徽,1737,2
安徽,1738,2
安徽,1739,5
安徽,1740,3
安徽,1741,9
安徽,1742,1
安徽,1744,2
安徽,1745,5
安徽,1746,1
安徽,1747,9
安徽,1748,2
安徽,1750,1
安徽,1751,2
安徽,1752,2
安徽,1753,2
安徽,1754,1
安徽,1755,2
安徽,1756,1
安徽,1757,4
安徽,1758,2
安徽,1759,3
安徽,1760,2
安徽,1761,4
安徽,1762,2
安徽,1763,2
安徽,1764,2
安徽,1765,3
安徽,1766,4
安徽,1767,4
安徽,1768,5
安徽,1771,3
安徽,1772,1
安徽,1773,3
安徽,1774,5
安徽,1775,1
安徽,1776,3
安徽,1777,2
安徽,1778,5
安徽,1779,3
安徽,1780,5
安徽,1781,1
安徽,1782,3
安徽,1783,3
安徽,1784,1
安徽,1785,5
安徽,1787,4
安徽,1789,1
安徽,1793,3
安徽,1796,2
安徽,1797,3
安徽,1798,2
安徽,1800,4
安徽,1801,2
安徽,1802,1
安徽,1803,3
安徽,1804,3
安徽,1805,5
安徽,1806,3
安徽,1807,3
安徽,1808,2
安徽,1809,5
安徽,1810,1
安徽,1811,6
安徽,1812,4
安徽,1813,1
安徽,1814,4
安徽,1815,2
安徽,1816,1
安徽,1817,1
安徽,1818,3
安徽,1819,5
安徽,1820,2
安徽,1821,3
安徽,1822,7
安徽,1823,3
安徽,1824,1
安徽,1825,2
安徽,1826,2
安徽,1827,7
安徽,1828,2
安徽,1829,6
安徽,1830,6
安徽,1831,1
安徽,1832,4
安徽,1836,3
安徽,1838,3
安徽,1839,10
安徽,1840,2
安徽,1841,5
安徽,1842,4
安徽,1843,2
安徽,1844,3
安徽,1845,2
安徽,1846,9
安徽,1847,3
安徽,1848,8
安徽,1849,8
安徽,1850,3
安徽,1851,3
安徽,1852,3
安徽,1853,2
安徽,1854,2
安徽,1855,1
安徽,1857,3
安徽,1858,1
安徽,1859,1
安徽,1861,3
安徽,1862,4
安徽,1863,1
安徽,1864,3
安徽,1865,11
安徽,1866,16
安徽,1867,4
安徽,1868,10
安徽,1869,14
安徽,1870,7
安徽,1871,8
安徽,1872,11
安徽,1873,11
安徽,1874,15
安徽,1875,9
安徽,1876,10
安徽,1877,8
安徽,1878,12
安徽,1879,6
安徽,1880,11
安徽,1881,9
安徽,1882,9
安徽,1883,6
安徽,1884,11
安徽,1885,6
安徽,1886,7
安徽,1887,7
安徽,1888,6
安徽,1889,7
安徽,1890,7
安徽,1891,11
安徽,1892,9
安徽,1893,13
安徽,1894,12
安徽,1895,11
安徽,1896,14
安徽,1897,16
安徽,1898,5
安徽,1899,8
安徽,1900,16
安徽,1901,16
安徽,1902,13
安徽,1903,11
安徽,1904,18
安徽,1905,16
安徽,1906,16
安徽,1907,15
安徽,1908,15
安徽,1909,15
安徽,1910,17
安徽,1911,19
安徽,1912,11
安徽,1913,9
安徽,1914,14
安徽,1915,21
安徽,1916,25
安徽,1917,17
安徽,1918,16
安徽,1919,18
安徽,1920,20
安徽,1921,15
安徽,1922,14
安徽,1923,20
安徽,1924,25
安徽,1925,20
安徽,1926,15
安徽,1927,13
安徽,1928,13
安徽,1929,11
安徽,1930,15
安徽,1931,19
安徽,1932,14
安徽,1933,15
安徽,1934,9
安徽,1935,10
安徽,1936,7
安徽,1937,8
安徽,1938,2
安徽,1939,7
安徽,1940,12
安徽,1941,12
安徽,1942,11
安徽,1943,9
安徽,1944,5
安徽,1945,5
安徽,1946,11
安徽,1947,10
安徽,1948,8
安徽,1949,5
安徽,1950,3
安徽,1955,1
安徽,1957,1
安徽,1962,1
安徽,1964,1
安徽,1967,2
安徽,1970,1
安徽,1973,2
安徽,1982,3
安徽,1984,2
安徽,1985,1
安徽,1986,2
安徽,1987,2
安徽,1988,15
安徽,1989,13
安徽,1990,40
安徽,1991,32
安徽,1992,7
安徽,1993,10
安徽,1994,14
安徽,1995,16
安徽,1996,27
安徽,1997,18
安徽,1998,21
安徽,1999,25
安徽,2000,40
安徽,2001,23
安徽,2002,24
安徽,2003,40
安徽,2004,47
安徽,2005,49
安徽,2006,67
安徽,2007,49
安徽,2008,73
安徽,2009,57
安徽,2010,58
安徽,2011,57
安徽,2012,70
安徽,2013,61
安徽,2014,76
安徽,2015,83
安徽,2016,98
安徽,2017,106
安徽,2018,99
安徽,2019,66
安徽,2020,60
安徽,2021,41
安徽,2022,16
安徽,2023,15
山东,1242,1
山东,1574,1
山东,1617,1
山东,1630,1
山东,1637,1
山东,1673,1
山东,1675,1
山东,1681,1
山东,1684,1
山东,1685,1
山东,1714,1
山东,1717,1
山东,1725,1
山东,1727,1
山东,1728,1
山东,1731,1
山东,1733,1
山东,1740,1
山东,1741,1
山东,1745,2
山东,1750,1
山东,1751,1
山东,1752,2
山东,1753,1
山东,1756,1
山东,1759,1
山东,1760,1
山东,1763,1
山东,1765,1
山东,1766,1
山东,1770,1
山东,1772,1
山东,1773,1
山东,1778,1
山东,1779,1
山东,1783,1
山东,1787,1
山东,1789,1
山东,1792,1
山东,1793,1
山东,1794,1
山东,1797,2
山东,1798,1
山东,1801,3
山东,1802,1
山东,1803,1
山东,1804,3
山东,1805,1
山东,1807,1
山东,1808,2
山东,1811,1
山东,1812,2
山东,1815,2
山东,1816,2
山东,1818,2
山东,1820,1
山东,1822,1
山东,1823,1
山东,1824,2
山东,1825,1
山东,1827,1
山东,1828,1
山东,1829,1
山东,1830,2
山东,1831,2
山东,1832,2
山东,1834,2
山东,1836,1
山东,1837,2
山东,1838,2
山东,1839,1
山东,1840,1
山东,1841,2
山东,1842,1
山东,1843,1
山东,1844,5
山东,1845,3
山东,1846,4
山东,1847,3
山东,1848,2
山东,1849,2
山东,1850,1
山东,1851,4
山东,1852,1
山东,1854,1
山东,1855,3
山东,1856,1
山东,1857,2
山东,1858,1
山东,1860,1
山东,1861,2
山东,1862,3
山东,1863,2
山东,1864,1
山东,1865,2
山东,1866,1
山东,1867,1
山东,1868,1
山东,1869,4
山东,1870,2
山东,1871,4
山东,1872,1
山东,1873,5
山东,1874,5
山东,1875,2
山东,1876,1
山东,1878,3
山东,1879,3
山东,1880,3
山东,1881,1
山东,1882,4
山东,1883,3
山东,1884,3
山东,1885,3
山东,1886,1
山东,1887,3
山东,1888,2
山东,1890,1
山东,1891,2
山东,1892,7
山东,1893,2
山东,1894,3
山东,1895,3
山东,1896,1
山东,1897,3
山东,1898,2
山东,1899,3
山东,1900,5
山东,1901,1
山东,1902,3
山东,1903,2
山东,1904,7
山东,1905,2
山东,1906,6
山东,1907,5
山东,1908,11
山东,1909,8
山东,1910,7
山东,1911,6
山东,1912,1
山东,1913,3
山东,1914,5
山东,1915,6
山东,1916,7
山东,1917,7
山东,1918,4
山东,1919,6
山东,1920,6
山东,1921,6
山东,1922,3
山东,1923,1
山东,1924,10
山东,1925,6
山东,1926,7
山东,1927,7
山东,1928,7
山东,1929,2
山东,1930,7
山东,1931,8
山东,1932,15
山东,1933,15
山东,1934,6
山东,1935,19
山东,1936,26
山东,1937,12
山东,1938,9
山东,1939,2
山东,1940,2
山东,1941,6
山东,1942,5
山东,1943,5
山东,1944,3
山东,1946,3
山东,1947,1
山东,1948,1
山东,1949,13
山东,1950,9
山东,1951,9
山东,1952,2
山东,1953,6
山东,1954,8
山东,1955,4
山东,1956,3
山东,1957,4
山东,1958,9
山东,1960,4
山东,1961,3
山东,1962,26
山东,1963,17
山东,1964,3
山东,1965,4
山东,1966,6
山东,1967,2
山东,1968,2
山东,1969,1
山东,1970,3
山东,1972,1
山东,1973,1
山东,1975,2
山东,1976,1
山东,1977,2
山东,1978,1
山东,1979,2
山东,1980,7
山东,1981,11
山东,1982,11
山东,1983,4
山东,1984,10
山东,1985,15
山东,1986,15
山东,1987,12
山东,1988,15
山东,1989,19
山东,1990,26
山东,1991,15
山东,1992,23
山东,1993,44
山东,1994,43
山东,1995,40
山东,1996,60
山东,1997,31
山东,1998,45
山东,1999,59
山东,2000,59
山东,2001,43
山东,2002,54
山东,2003,50
山东,2004,69
山东,2005,72
山东,2006,85
山东,2007,98
山东,2008,114
山东,2009,104
山东,2010,128
山东,2011,94
山东,2012,145
山东,2013,128
山东,2014,152
山东,2015,134
山东,2016,140
山东,2017,126
山东,2018,101
山东,2019,81
山东,2020,61
山东,2021,20
山东,2022,24
山东,2023,15
山西,1649,1
山西,1651,1
山西,1668,2
山西,1676,1
山西,1681,1
山西,1697,1
山西,1713,1
山西,1715,2
山西,1726,1
山西,1729,1
山西,1735,1
山西,1741,1
山西,1744,1
山西,1765,1
山西,1774,2
山西,1781,1
山西,1787,1
山西,1790,2
山西,1791,1
山西,1797,1
山西,1798,1
山西,1801,1
山西,1803,1
山西,1805,1
山西,1807,1
山西,1810,1
山西,1812,1
山西,1813,1
山西,1814,1
山西,1815,1
山西,1819,1
山西,1820,2
山西,1821,2
山西,1822,1
山西,1827,2
山西,1833,1
山西,1834,2
山西,1841,1
山西,1843,2
山西,1845,4
山西,1846,1
山西,1847,4
山西,1848,2
山西,1849,1
山西,1851,1
山西,1852,1
山西,1854,1
山西,1856,1
山西,1857,1
山西,1858,1
山西,1859,1
山西,1860,1
山西,1864,2
山西,1865,2
山西,1869,1
山西,1871,1
山西,1872,3
山西,1873,1
山西,1874,1
山西,1876,1
山西,1878,1
山西,1883,1
山西,1884,2
山西,1886,2
山西,1887,1
山西,1891,1
山西,1901,1
山西,1902,1
山西,1904,2
山西,1907,1
山西,1908,3
山西,1913,1
山西,1914,1
山西,1915,2
山西,1916,5
山西,1917,2
山西,1918,1
山西,1920,1
山西,1921,1
山西,1922,1
山西,1925,1
山西,1926,1
山西,1928,4
山西,1929,1
山西,1930,1
山西,1931,7
山西,1932,3
山西,1933,6
山西,1934,3
山西,1935,1
山西,1936,3
山西,1937,2
山西,1939,1
山西,1941,4
山西,1942,5
山西,1944,1
山西,1947,2
山西,1949,1
山西,1951,1
山西,1954,2
山西,1955,1
山西,1958,1
山西,1963,2
山西,1964,1
山西,1969,1
山西,1980,1
山西,1983,1
山西,1984,2
山西,1986,2
山西,1987,1
山西,1988,1
山西,1989,3
山西,1991,3
山西,1992,5
山西,1993,3
山西,1994,6
山西,1996,6
山西,1997,3
山西,1998,11
山西,1999,17
山西,2000,14
山西,2001,17
山西,2002,13
山西,2003,15
山西,2004,14
山西,2005,20
山西,2006,19
山西,2007,25
山西,2008,33
山西,2009,22
山西,2010,29
山西,2011,25
山西,2012,43
山西,2013,42
山西,2014,39
山西,2015,41
山西,2016,50
山西,2017,34
山西,2018,43
山西,2019,68
山西,2020,51
山西,2021,13
山西,2022,11
山西,2023,16
广东,1685,1
广东,1700,1
广东,1701,1
广东,1708,1
广东,1724,1
广东,1747,1
广东,1753,1
广东,1754,1
广东,1762,1
广东,1764,1
广东,1771,1
广东,1775,1
广东,1776,1
广东,1779,1
广东,1780,2
广东,1782,1
广东,1787,1
广东,1794,1
广东,1796,1
广东,1797,1
广东,1804,2
广东,1806,1
广东,1809,1
广东,1810,1
广东,1811,1
广东,1813,2
广东,1820,1
广东,1821,1
广东,1822,2
广东,1823,1
广东,1824,4
广东,1828,3
广东,1830,2
广东,1831,1
广东,1832,1
广东,1833,1
广东,1834,1
广东,1835,3
广东,1837,2
广东,1838,1
广东,1839,2
广东,1842,2
广东,1843,2
广东,1844,2
广东,1846,4
广东,1847,1
广东,1848,3
广东,1850,2
广东,1851,2
广东,1852,1
广东,1853,1
广东,1854,2
广东,1856,1
广东,1860,4
广东,1861,2
广东,1862,2
广东,1864,2
广东,1865,3
广东,1866,1
广东,1867,4
广东,1868,2
广东,1869,3
广东,1870,4
广东,1871,4
广东,1872,4
广东,1873,3
广东,1874,1
广东,1875,5
广东,1876,3
广东,1877,4
广东,1878,1
广东,1879,3
广东,1880,3
广东,1881,4
广东,1882,1
广东,1883,5
广东,1884,3
广东,1885,2
广东,1886,4
广东,1887,7
广东,1888,5
广东,1889,3
广东,1890,4
广东,1891,7
广东,1892,2
广东,1893,5
广东,1894,4
广东,1895,2
广东,1896,7
广东,1897,11
广东,1898,4
广东,1899,3
广东,1900,4
广东,1901,2
广东,1902,3
广东,1903,4
广东,1904,3
广东,1905,5
广东,1906,3
广东,1907,2
广东,1908,3
广东,1909,9
广东,1910,8
广东,1911,7
广东,1912,2
广东,1913,6
广东,1914,4
广东,1915,4
广东,1916,5
广东,1917,9
广东,1918,4
广东,1919,12
广东,1920,7
广东,1921,9
广东,1922,8
广东,1923,6
广东,1924,10
广东,1925,9
广东,1926,7
广东,1927,8
广东,1928,6
广东,1929,8
广东,1930,8
广东,1931,12
广东,1932,8
广东,1933,15
广东,1934,7
广东,1935,19
广东,1936,19
广东,1937,10
广东,1938,8
广东,1939,4
广东,1940,3
广东,1941,5
广东,1942,6
广东,1943,5
广东,1944,3
广东,1945,3
广东,1946,9
广东,1947,16
广东,1948,11
广东,1949,14
广东,1950,6
广东,1951,1
广东,1952,3
广东,1953,4
广东,1954,3
广东,1955,4
广东,1956,1
广东,1957,2
广东,1959,4
广东,1960,2
广东,1961,3
广东,1962,4
广东,1963,7
广东,1964,3
广东,1965,5
广东,1966,8
广东,1967,6
广东,1968,4
广东,1969,4
广东,1970,5
广东,1971,8
广东,1972,3
广东,1973,6
广东,1974,5
广东,1975,9
广东,1976,9
广东,1977,5
广东,1978,1
广东,1979,7
广东,1980,8
广东,1981,15
广东,1982,12
广东,1983,16
广东,1984,9
广东,1985,27
广东,1986,40
广东,1987,24
广东,1988,28
广东,1989,36
广东,1990,44
广东,1991,48
广东,1992,44
广东,1993,74
广东,1994,74
广东,1995,92
广东,1996,100
广东,1997,149
广东,1998,124
广东,1999,131
广东,2000,109
广东,2001,100
广东,2002,83
广东,2003,83
广东,2004,71
广东,2005,69
广东,2006,79
广东,2007,60
广东,2008,66
广东,2009,66
广东,2010,54
广东,2011,58
广东,2012,75
广东,2013,60
广东,2014,66
广东,2015,49
广东,2016,51
广东,2017,46
广东,2018,39
广东,2019,27
广东,2020,23
广东,2021,14
广东,2022,12
广东,2023,9
广西,1788,1
广西,1804,1
广西,1827,1
广西,1832,1
广西,1835,1
广西,1870,1
广西,1879,1
广西,1887,1
广西,1890,1
广西,1891,1
广西,1901,1
广西,1907,2
广西,1912,1
广西,1913,1
广西,1915,1
广西,1921,2
广西,1922,1
广西,1925,1
广西,1926,2
广西,1931,2
广西,1933,2
广西,1934,4
广西,1935,3
广西,1936,2
广西,1937,2
广西,1942,1
广西,1945,1
广西,1947,1
广西,1949,1
广西,1965,1
广西,1979,1
广西,1985,1
广西,1986,1
广西,1988,1
广西,1989,2
广西,1990,1
广西,1992,2
广西,1994,1
广西,1995,2
广西,1996,1
广西,1998,4
广西,1999,8
广西,2000,2
广西,2001,3
广西,2002,2
广西壮族自治区,1936,1
广西壮族自治区,1949,1
广西壮族自治区,1964,1
广西壮族自治区,1981,2
广西壮族自治区,1984,2
广西壮族自治区,1985,2
广西壮族自治区,1986,1
广西壮族自治区,1987,4
广西壮族自治区,1988,4
广西壮族自治区,1989,5
广西壮族自治区,1990,7
广西壮族自治区,1991,8
广西壮族自治区,1992,7
广西壮族自治区,1993,6
广西壮族自治区,1994,8
广西壮族自治区,1995,11
广西壮族自治区,1996,10
广西壮族自治区,1997,6
广西壮族自治区,1998,11
广西壮族自治区,1999,17
广西壮族自治区,2000,18
广西壮族自治区,2001,10
广西壮族自治区,2002,9
广西壮族自治区,2003,15
广西壮族自治区,2004,16
广西壮族自治区,2005,9
广西壮族自治区,2006,20
广西壮族自治区,2007,20
广西壮族自治区,2008,5
广西壮族自治区,2009,11
广西壮族自治区,2010,14
广西壮族自治区,2011,10
广西壮族自治区,2012,19
广西壮族自治区,2013,27
广西壮族自治区,2014,17
广西壮族自治区,2015,25
广西壮族自治区,2016,20
广西壮族自治区,2017,34
广西壮族自治区,2018,39
广西壮族自治区,2019,26
广西壮族自治区,2020,20
广西壮族自治区,2021,8
广西壮族自治区,2022,12
广西壮族自治区,2023,15
新疆维吾尔自治区,2007,1
新疆维吾尔自治区,2017,1
江苏,1407,1
江苏,1601,2
江苏,1611,1
江苏,1612,2
江苏,1627,1
江苏,1674,1
江苏,1676,1
江苏,1692,1
江苏,1703,1
江苏,1704,2
江苏,1708,1
江苏,1715,2
江苏,1717,1
江苏,1718,1
江苏,1724,1
江苏,1726,1
江苏,1728,1
江苏,1730,2
江苏,1734,1
江苏,1739,2
江苏,1741,1
江苏,1746,1
江苏,1749,1
江苏,1751,1
江苏,1758,1
江苏,1759,2
江苏,1760,1
江苏,1763,2
江苏,1766,1
江苏,1767,2
江苏,1768,1
江苏,1769,1
江苏,1775,1
江苏,1776,1
江苏,1777,2
江苏,1778,2
江苏,1780,2
江苏,1781,1
江苏,1782,1
江苏,1784,1
江苏,1787,1
江苏,1789,1
江苏,1790,2
江苏,1792,3
江苏,1794,3
江苏,1795,1
江苏,1796,1
江苏,1798,3
江苏,1800,2
江苏,1801,1
江苏,1802,4
江苏,1803,2
江苏,1805,1
江苏,1806,2
江苏,1807,3
江苏,1808,2
江苏,1809,2
江苏,1810,1
江苏,1811,1
江苏,1812,1
江苏,1814,1
江苏,1815,1
江苏,1816,2
江苏,1817,1
江苏,1818,2
江苏,1819,1
江苏,1820,1
江苏,1821,2
江苏,1822,3
江苏,1823,2
江苏,1824,2
江苏,1825,2
江苏,1826,2
江苏,1827,6
江苏,1828,5
江苏,1829,2
江苏,1830,3
江苏,1831,2
江苏,1832,2
江苏,1833,2
江苏,1834,3
江苏,1836,3
江苏,1837,4
江苏,1839,5
江苏,1840,2
江苏,1841,3
江苏,1842,2
江苏,1843,2
江苏,1844,8
江苏,1845,6
江苏,1846,4
江苏,1847,5
江苏,1848,5
江苏,1849,7
江苏,1850,4
江苏,1851,8
江苏,1852,4
江苏,1853,3
江苏,1854,6
江苏,1855,4
江苏,1856,5
江苏,1859,10
江苏,1860,3
江苏,1861,2
江苏,1862,3
江苏,1863,2
江苏,1865,7
江苏,1866,1
江苏,1867,2
江苏,1868,9
江苏,1869,6
江苏,1870,17
江苏,1871,12
江苏,1872,20
江苏,1873,18
江苏,1874,24
江苏,1875,21
江苏,1876,24
江苏,1877,20
江苏,1878,20
江苏,1879,20
江苏,1880,21
江苏,1881,19
江苏,1882,15
江苏,1883,14
江苏,1884,8
江苏,1885,11
江苏,1886,9
江苏,1887,22
江苏,1888,13
江苏,1889,17
江苏,1890,17
江苏,1891,10
江苏,1892,13
江苏,1893,11
江苏,1894,18
江苏,1895,12
江苏,1896,19
江苏,1897,15
江苏,1898,11
江苏,1899,11
江苏,1900,24
江苏,1901,20
江苏,1902,12
江苏,1903,25
江苏,1904,25
江苏,1905,15
江苏,1906,15
江苏,1907,16
江苏,1908,19
江苏,1909,33
江苏,1910,11
江苏,1911,30
江苏,1912,6
江苏,1913,17
江苏,1914,31
江苏,1915,35
江苏,1916,30
江苏,1917,29
江苏,1918,23
江苏,1919,30
江苏,1920,35
江苏,1921,38
江苏,1922,33
江苏,1923,24
江苏,1924,33
江苏,1925,21
江苏,1926,29
江苏,1927,21
江苏,1928,34
江苏,1929,29
江苏,1930,22
江苏,1931,27
江苏,1932,10
江苏,1933,28
江苏,1934,17
江苏,1935,18
江苏,1936,29
江苏,1937,22
江苏,1938,3
江苏,1939,9
江苏,1940,13
江苏,1941,17
江苏,1942,16
江苏,1943,22
江苏,1944,8
江苏,1945,9
江苏,1946,20
江苏,1947,32
江苏,1948,44
江苏,1949,17
江苏,1950,10
江苏,1951,10
江苏,1952,6
江苏,1953,2
江苏,1954,2
江苏,1955,1
江苏,1956,1
江苏,1957,1
江苏,1958,1
江苏,1961,1
江苏,1962,13
江苏,1963,2
江苏,1965,1
江苏,1971,1
江苏,1975,2
江苏,1976,2
江苏,1981,2
江苏,1984,3
江苏,1985,6
江苏,1986,5
江苏,1987,12
江苏,1988,12
江苏,1989,11
江苏,1990,17
江苏,1991,20
江苏,1992,23
江苏,1993,31
江苏,1994,24
江苏,1995,41
江苏,1996,27
江苏,1997,15
江苏,1998,41
江苏,1999,35
江苏,2000,34
江苏,2001,33
江苏,2002,40
江苏,2003,42
江苏,2004,54
江苏,2005,58
江苏,2006,73
江苏,2007,58
江苏,2008,105
江苏,2009,118
江苏,2010,139
江苏,2011,136
江苏,2012,151
江苏,2013,140
江苏,2014,170
江苏,2015,176
江苏,2016,158
江苏,2017,154
江苏,2018,140
江苏,2019,129
江苏,2020,115
江苏,2021,82
江苏,2022,55
江苏,2023,27
江苏,2024,7
江西,1403,1
江西,1405,1
江西,1458,1
江西,1533,1
江西,1539,1
江西,1544,1
江西,1547,1
江西,1548,2
江西,1551,2
江西,1555,1
江西,1564,1
江西,1568,1
江西,1571,1
江西,1582,1
江西,1610,1
江西,1611,2
江西,1612,1
江西,1621,1
江西,1624,1
江西,1640,1
江西,1674,1
江西,1686,1
江西,1691,1
江西,1705,1
江西,1706,3
江西,1708,2
江西,1710,1
江西,1713,1
江西,1714,1
江西,1718,1
江西,1719,2
江西,1720,1
江西,1725,1
江西,1726,2
江西,1727,1
江西,1729,1
江西,1734,1
江西,1737,1
江西,1738,1
江西,1740,2
江西,1742,3
江西,1743,1
江西,1744,1
江西,1748,1
江西,1749,4
江西,1750,1
江西,1752,1
江西,1753,1
江西,1756,2
江西,1758,1
江西,1759,1
江西,1760,1
江西,1761,3
江西,1762,5
江西,1763,2
江西,1764,1
江西,1765,2
江西,1766,2
江西,1767,2
江西,1768,3
江西,1769,2
江西,1771,1
江西,1772,4
江西,1775,3
江西,1777,1
江西,1779,1
江西,1780,7
江西,1781,3
江西,1782,6
江西,1783,3
江西,1784,1
江西,1785,4
江西,1786,1
江西,1788,3
江西,1790,1
江西,1792,1
江西,1794,2
江西,1797,4
江西,1798,1
江西,1799,2
江西,1800,1
江西,1801,5
江西,1802,2
江西,1805,3
江西,1806,2
江西,1807,6
江西,1808,3
江西,1809,1
江西,1810,6
江西,1811,3
江西,1812,7
江西,1813,4
江西,1814,1
江西,1815,3
江西,1816,5
江西,1817,7
江西,1818,5
江西,1819,6
江西,1820,2
江西,1821,3
江西,1822,3
江西,1823,6
江西,1824,8
江西,1825,5
江西,1826,6
江西,1827,7
江西,1828,4
江西,1829,6
江西,1830,5
江西,1831,2
江西,1832,2
江西,1833,1
江西,1834,1
江西,1835,3
江西,1836,3
江西,1837,4
江西,1838,1
江西,1839,9
江西,1840,2
江西,1841,4
江西,1842,5
江西,1843,4
江西,1844,2
江西,1845,4
江西,1846,8
江西,1847,8
江西,1848,8
江西,1849,5
江西,1850,4
江西,1851,5
江西,1852,3
江西,1853,2
江西,1854,4
江西,1855,3
江西,1856,2
江西,1857,1
江西,1858,1
江西,1859,2
江西,1860,5
江西,1861,7
江西,1862,8
江西,1863,4
江西,1864,4
江西,1865,5
江西,1866,11
江西,1867,8
江西,1868,16
江西,1869,9
江西,1870,13
江西,1871,7
江西,1872,5
江西,1873,7
江西,1874,6
江西,1875,6
江西,1876,8
江西,1877,10
江西,1878,5
江西,1879,13
江西,1880,9
江西,1881,16
江西,1882,8
江西,1883,7
江西,1884,6
江西,1885,7
江西,1886,5
江西,1887,11
江西,1888,7
江西,1889,8
江西,1890,8
江西,1891,5
江西,1892,9
江西,1893,6
江西,1894,3
江西,1895,15
江西,1896,7
江西,1897,9
江西,1898,6
江西,1899,13
江西,1900,10
江西,1901,4
江西,1902,8
江西,1903,12
江西,1904,7
江西,1905,17
江西,1906,16
江西,1907,6
江西,1908,8
江西,1909,19
江西,1910,12
江西,1911,11
江西,1912,7
江西,1913,9
江西,1914,19
江西,1915,18
江西,1916,10
江西,1917,18
江西,1918,10
江西,1919,14
江西,1920,8
江西,1921,18
江西,1922,14
江西,1923,3
江西,1924,12
江西,1925,15
江西,1926,11
江西,1927,12
江西,1928,10
江西,1929,14
江西,1930,10
江西,1931,4
江西,1932,11
江西,1933,9
江西,1934,3
江西,1935,1
江西,1936,23
江西,1937,22
江西,1938,24
江西,1939,12
江西,1940,10
江西,1941,17
江西,1942,22
江西,1943,22
江西,1944,8
江西,1945,15
江西,1946,20
江西,1947,13
江西,1948,23
江西,1949,44
江西,1950,9
江西,1951,2
江西,1955,2
江西,1958,1
江西,1959,1
江西,1960,5
江西,1962,2
江西,1966,2
江西,1971,1
江西,1973,2
江西,1974,1
江西,1976,1
江西,1978,1
江西,1979,1
江西,1980,2
江西,1981,3
江西,1982,2
江西,1983,6
江西,1984,7
江西,1985,14
江西,1986,21
江西,1987,60
江西,1988,107
江西,1989,156
江西,1990,84
江西,1991,35
江西,1992,70
江西,1993,132
江西,1994,222
江西,1995,298
江西,1996,152
江西,1997,110
江西,1998,106
江西,1999,83
江西,2000,59
江西,2001,51
江西,2002,30
江西,2003,22
江西,2004,33
江西,2005,33
江西,2006,37
江西,2007,36
江西,2008,41
江西,2009,35
江西,2010,35
江西,2011,36
江西,2012,47
江西,2013,60
江西,2014,85
江西,2015,74
江西,2016,92
江西,2017,69
江西,2018,58
江西,2019,66
江西,2020,44
江西,2021,14
江西,2022,29
江西,2023,11
河北,1680,1
河北,1721,1
河北,1728,1
河北,1738,1
河北,1755,1
河北,1764,1
河北,1772,1
河北,1775,1
河北,1778,1
河北,1779,1
河北,1791,1
河北,1792,1
河北,1797,1
河北,1799,1
河北,1811,1
河北,1818,1
河北,1825,1
河北,1826,1
河北,1828,1
河北,1829,2
河北,1831,1
河北,1835,1
河北,1836,1
河北,1840,1
河北,1843,1
河北,1848,2
河北,1850,1
河北,1854,1
河北,1856,1
河北,1859,1
河北,1860,1
河北,1863,1
河北,1867,1
河北,1873,3
河北,1874,1
河北,1879,1
河北,1880,1
河北,1883,1
河北,1885,1
河北,1886,2
河北,1887,2
河北,1891,4
河北,1892,2
河北,1893,1
河北,1895,1
河北,1897,2
河北,1898,1
河北,1899,1
河北,1900,1
河北,1901,1
河北,1902,1
河北,1903,2
河北,1906,1
河北,1907,2
河北,1909,1
河北,1910,2
河北,1911,5
河北,1913,2
河北,1914,1
河北,1915,2
河北,1916,1
河北,1917,2
河北,1918,1
河北,1919,3
河北,1920,1
河北,1921,2
河北,1922,3
河北,1923,4
河北,1924,2
河北,1925,2
河北,1926,3
河北,1927,2
河北,1928,5
河北,1929,1
河北,1930,1
河北,1931,5
河北,1932,6
河北,1933,1
河北,1934,3
河北,1935,5
河北,1936,3
河北,1937,2
河北,1938,2
河北,1939,1
河北,1942,2
河北,1943,1
河北,1945,1
河北,1946,1
河北,1949,2
河北,1963,1
河北,1964,1
河北,1966,1
河北,1980,3
河北,1981,2
河北,1982,2
河北,1984,1
河北,1985,1
河北,1986,1
河北,1987,1
河北,1988,2
河北,1989,1
河北,1990,1
河北,1991,3
河北,1992,2
河北,1993,9
河北,1994,1
河北,1995,6
河北,1996,3
河北,1997,5
河北,1998,3
河北,1999,7
河北,2000,9
河北,2001,2
河北,2002,4
河北,2003,9
河北,2004,9
河北,2005,5
河北,2006,7
河北,2007,11
河北,2008,13
河北,2009,18
河北,2010,13
河北,2011,21
河北,2012,33
河北,2013,30
河北,2014,55
河北,2015,46
河北,2016,47
河北,2017,45
河北,2018,55
河北,2019,49
河北,2020,44
河北,2021,12
河北,2022,4
河北,2023,11
河南,1438,1
河南,1528,1
河南,1571,1
河南,1587,1
河南,1596,1
河南,1628,1
河南,1646,1
河南,1654,1
河南,1657,1
河南,1690,1
河南,1713,1
河南,1723,1
河南,1728,1
河南,1731,1
河南,1764,1
河南,1788,2
河南,1792,1
河南,1793,1
河南,1797,1
河南,1804,1
河南,1806,1
河南,1810,2
河南,1815,1
河南,1824,2
河南,1825,1
河南,1827,1
河南,1830,1
河南,1832,1
河南,1834,1
河南,1838,2
河南,1839,1
河南,1841,1
河南,1842,1
河南,1844,1
河南,1845,1
河南,1847,1
河南,1850,1
河南,1851,2
河南,1859,1
河南,1860,2
河南,1865,3
河南,1866,3
河南,1869,1
河南,1870,1
河南,1871,1
河南,1872,4
河南,1873,2
河南,1874,3
河南,1875,1
河南,1878,1
河南,1881,1
河南,1882,2
河南,1883,4
河南,1885,2
河南,1886,3
河南,1888,1
河南,1889,1
河南,1890,1
河南,1891,1
河南,1893,2
河南,1894,2
河南,1895,1
河南,1897,3
河南,1898,1
河南,1900,2
河南,1901,2
河南,1902,1
河南,1903,2
河南,1904,2
河南,1905,1
河南,1906,2
河南,1907,2
河南,1908,5
河南,1909,1
河南,1910,2
河南,1911,6
河南,1914,5
河南,1915,1
河南,1916,5
河南,1917,4
河南,1918,5
河南,1919,3
河南,1920,5
河南,1922,5
河南,1923,6
河南,1924,8
河南,1925,2
河南,1926,1
河南,1927,2
河南,1928,2
河南,1929,3
河南,1930,6
河南,1931,5
河南,1932,5
河南,1933,5
河南,1934,7
河南,1935,5
河南,1936,7
河南,1937,2
河南,1938,2
河南,1939,1
河南,1941,7
河南,1942,1
河南,1943,2
河南,1944,2
河南,1946,2
河南,1947,3
河南,1949,3
河南,1950,1
河南,1951,1
河南,1960,1
河南,1961,1
河南,1962,4
河南,1963,3
河南,1970,1
河南,1973,1
河南,1976,2
河南,1977,2
河南,1980,1
河南,1981,7
河南,1982,4
河南,1983,8
河南,1984,10
河南,1985,21
河南,1986,28
河南,1987,12
河南,1988,18
河南,1989,17
河南,1990,36
河南,1991,31
河南,1992,18
河南,1993,27
河南,1994,27
河南,1995,49
河南,1996,50
河南,1997,37
河南,1998,48
河南,1999,41
河南,2000,61
河南,2001,34
河南,2002,28
河南,2003,18
河南,2004,27
河南,2005,24
河南,2006,39
河南,2007,35
河南,2008,37
河南,2009,29
河南,2010,30
河南,2011,35
河南,2012,62
河南,2013,90
河南,2014,80
河南,2015,94
河南,2016,86
河南,2017,87
河南,2018,71
河南,2019,59
河南,2020,26
河南,2021,20
河南,2022,4
河南,2023,3
浙江,1378,1
浙江,1380,1
浙江,1428,1
浙江,1469,1
浙江,1480,1
浙江,1509,1
浙江,1517,1
浙江,1540,1
浙江,1546,1
浙江,1572,1
浙江,1581,1
浙江,1582,1
浙江,1590,1
浙江,1592,1
浙江,1600,1
浙江,1601,1
浙江,1605,2
浙江,1606,1
浙江,1607,1
浙江,1608,1
浙江,1609,1
浙江,1611,1
浙江,1613,1
浙江,1616,2
浙江,1625,2
浙江,1629,1
浙江,1634,1
浙江,1637,2
浙江,1638,2
浙江,1639,2
浙江,1643,1
浙江,1660,1
浙江,1661,1
浙江,1662,2
浙江,1666,1
浙江,1667,1
浙江,1668,1
浙江,1669,1
浙江,1672,2
浙江,1679,3
浙江,1680,1
浙江,1681,1
浙江,1682,3
浙江,1684,3
浙江,1685,2
浙江,1686,5
浙江,1687,2
浙江,1688,1
浙江,1689,11
浙江,1690,3
浙江,1691,1
浙江,1693,3
浙江,1694,2
浙江,1695,1
浙江,1697,3
浙江,1698,2
浙江,1699,1
浙江,1700,2
浙江,1701,2
浙江,1702,3
浙江,1703,6
浙江,1704,2
浙江,1705,4
浙江,1706,1
浙江,1707,3
浙江,1708,2
浙江,1709,3
浙江,1710,2
浙江,1711,1
浙江,1712,5
浙江,1713,5
浙江,1714,2
浙江,1715,2
浙江,1716,2
浙江,1717,5
浙江,1719,3
浙江,1720,2
浙江,1721,1
浙江,1724,4
浙江,1725,3
浙江,1726,5
浙江,1727,5
浙江,1728,1
浙江,1729,3
浙江,1730,6
浙江,1731,3
浙江,1732,3
浙江,1733,2
浙江,1734,3
浙江,1735,4
浙江,1736,8
浙江,1737,5
浙江,1738,4
浙江,1739,6
浙江,1740,8
浙江,1742,1
浙江,1743,2
浙江,1744,8
浙江,1745,3
浙江,1746,6
浙江,1747,3
浙江,1748,3
浙江,1749,10
浙江,1750,6
浙江,1751,4
浙江,1752,1
浙江,1753,2
浙江,1754,3
浙江,1755,9
浙江,1756,7
浙江,1757,8
浙江,1758,8
浙江,1759,10
浙江,1760,6
浙江,1761,4
浙江,1762,7
浙江,1763,7
浙江,1764,5
浙江,1765,3
浙江,1766,5
浙江,1767,11
浙江,1768,7
浙江,1769,10
浙江,1770,5
浙江,1771,6
浙江,1772,8
浙江,1773,5
浙江,1774,11
浙江,1775,13
浙江,1776,6
浙江,1777,11
浙江,1778,5
浙江,1779,7
浙江,1780,9
浙江,1781,7
浙江,1782,6
浙江,1783,21
浙江,1784,17
浙江,1785,7
浙江,1786,9
浙江,1787,13
浙江,1788,7
浙江,1789,5
浙江,1790,9
浙江,1791,10
浙江,1792,14
浙江,1793,10
浙江,1794,14
浙江,1795,10
浙江,1796,10
浙江,1797,10
浙江,1798,15
浙江,1799,9
浙江,1800,20
浙江,1801,5
浙江,1802,6
浙江,1803,12
浙江,1804,31
浙江,1805,15
浙江,1806,16
浙江,1807,16
浙江,1808,15
浙江,1809,13
浙江,1810,10
浙江,1811,21
浙江,1812,7
浙江,1813,23
浙江,1814,19
浙江,1815,17
浙江,1816,15
浙江,1817,19
浙江,1818,14
浙江,1819,28
浙江,1820,16
浙江,1821,11
浙江,1822,24
浙江,1823,23
浙江,1824,23
浙江,1825,26
浙江,1826,19
浙江,1827,25
浙江,1828,21
浙江,1829,20
浙江,1830,35
浙江,1831,19
浙江,1832,11
浙江,1833,9
浙江,1834,7
浙江,1835,22
浙江,1836,20
浙江,1837,38
浙江,1838,26
浙江,1839,30
浙江,1840,34
浙江,1841,24
浙江,1842,23
浙江,1843,35
浙江,1844,41
浙江,1845,40
浙江,1846,25
浙江,1847,35
浙江,1848,36
浙江,1849,33
浙江,1850,20
浙江,1851,41
浙江,1852,21
浙江,1853,18
浙江,1854,27
浙江,1855,36
浙江,1856,36
浙江,1857,52
浙江,1858,27
浙江,1859,41
浙江,1860,42
浙江,1861,28
浙江,1862,4
浙江,1863,5
浙江,1864,12
浙江,1865,32
浙江,1866,50
浙江,1867,45
浙江,1868,68
浙江,1869,77
浙江,1870,93
浙江,1871,63
浙江,1872,55
浙江,1873,60
浙江,1874,58
浙江,1875,57
浙江,1876,65
浙江,1877,55
浙江,1878,55
浙江,1879,41
浙江,1880,69
浙江,1881,69
浙江,1882,41
浙江,1883,52
浙江,1884,50
浙江,1885,47
浙江,1886,46
浙江,1887,57
浙江,1888,60
浙江,1889,62
浙江,1890,63
浙江,1891,69
浙江,1892,66
浙江,1893,62
浙江,1894,85
浙江,1895,65
浙江,1896,77
浙江,1897,70
浙江,1898,80
浙江,1899,74
浙江,1900,54
浙江,1901,53
浙江,1902,53
浙江,1903,75
浙江,1904,77
浙江,1905,77
浙江,1906,76
浙江,1907,63
浙江,1908,76
浙江,1909,88
浙江,1910,81
浙江,1911,90
浙江,1912,46
浙江,1913,65
浙江,1914,96
浙江,1915,106
浙江,1916,128
浙江,1917,131
浙江,1918,107
浙江,1919,115
浙江,1920,106
浙江,1921,98
浙江,1922,106
浙江,1923,88
浙江,1924,117
浙江,1925,134
浙江,1926,122
浙江,1927,89
浙江,1928,163
浙江,1929,126
浙江,1930,88
浙江,1931,133
浙江,1932,108
浙江,1933,108
浙江,1934,76
浙江,1935,84
浙江,1936,121
浙江,1937,119
浙江,1938,90
浙江,1939,108
浙江,1940,96
浙江,1941,92
浙江,1942,38
浙江,1943,30
浙江,1944,55
浙江,1945,61
浙江,1946,112
浙江,1947,208
浙江,1948,180
浙江,1949,78
浙江,1950,29
浙江,1951,5
浙江,1952,3
浙江,1953,3
浙江,1954,4
浙江,1955,8
浙江,1956,3
浙江,1957,4
浙江,1958,5
浙江,1959,6
浙江,1960,3
浙江,1961,2
浙江,1962,16
浙江,1963,11
浙江,1964,6
浙江,1965,2
浙江,1966,1
浙江,1968,3
浙江,1969,4
浙江,1971,1
浙江,1972,1
浙江,1974,8
浙江,1975,24
浙江,1976,23
浙江,1977,7
浙江,1978,10
浙江,1979,19
浙江,1980,43
浙江,1981,100
浙江,1982,93
浙江,1983,22
浙江,1984,14
浙江,1985,12
浙江,1986,19
浙江,1987,34
浙江,1988,38
浙江,1989,39
浙江,1990,43
浙江,1991,63
浙江,1992,79
浙江,1993,97
浙江,1994,110
浙江,1995,179
浙江,1996,167
浙江,1997,145
浙江,1998,136
浙江,1999,187
浙江,2000,190
浙江,2001,176
浙江,2002,128
浙江,2003,129
浙江,2004,142
浙江,2005,143
浙江,2006,148
浙江,2007,127
浙江,2008,142
浙江,2009,102
浙江,2010,112
浙江,2011,106
浙江,2012,149
浙江,2013,144
浙江,2014,150
浙江,2015,155
浙江,2016,126
浙江,2017,136
浙江,2018,123
浙江,2019,183
浙江,2020,98
浙江,2021,91
浙江,2022,49
浙江,2023,23
浙江,2024,2
海南,1830,1
海南,1894,1
海南,1895,1
海南,1913,1
海南,1918,1
海南,1979,3
海南,1980,3
海南,1981,1
海南,1984,1
海南,1987,2
海南,1989,1
海南,1990,1
海南,1997,1
海南,2001,1
海南,2002,3
海南,2003,2
海南,2008,1
海南,2010,2
海南,2020,1
海南,2023,1
湖北,1428,1
湖北,1704,1
湖北,1734,1
湖北,1761,1
湖北,1773,1
湖北,1781,1
湖北,1789,1
湖北,1804,2
湖北,1820,1
湖北,1823,2
湖北,1824,1
湖北,1826,3
湖北,1829,1
湖北,1832,1
湖北,1836,1
湖北,1838,1
湖北,1844,1
湖北,1845,1
湖北,1846,1
湖北,1848,3
湖北,1852,2
湖北,1854,1
湖北,1856,1
湖北,1858,3
湖北,1860,3
湖北,1861,1
湖北,1862,3
湖北,1863,4
湖北,1864,1
湖北,1865,1
湖北,1866,7
湖北,1867,2
湖北,1868,3
湖北,1869,2
湖北,1870,2
湖北,1871,1
湖北,1872,3
湖北,1873,5
湖北,1874,5
湖北,1875,5
湖北,1876,4
湖北,1877,4
湖北,1878,5
湖北,1879,3
湖北,1880,2
湖北,1881,1
湖北,1882,2
湖北,1883,2
湖北,1884,3
湖北,1885,1
湖北,1886,6
湖北,1887,4
湖北,1888,3
湖北,1889,2
湖北,1890,2
湖北,1891,2
湖北,1892,9
湖北,1893,4
湖北,1894,4
湖北,1895,3
湖北,1896,2
湖北,1897,1
湖北,1899,2
湖北,1900,2
湖北,1901,5
湖北,1902,2
湖北,1903,4
湖北,1904,6
湖北,1905,2
湖北,1906,6
湖北,1907,7
湖北,1908,2
湖北,1909,6
湖北,1910,7
湖北,1911,7
湖北,1912,6
湖北,1913,15
湖北,1914,13
湖北,1915,12
湖北,1916,26
湖北,1917,18
湖北,1918,20
湖北,1919,12
湖北,1920,20
湖北,1921,20
湖北,1922,12
湖北,1923,15
湖北,1924,19
湖北,1925,11
湖北,1926,10
湖北,1927,13
湖北,1928,7
湖北,1929,11
湖北,1930,10
湖北,1931,8
湖北,1932,6
湖北,1933,8
湖北,1934,12
湖北,1935,8
湖北,1936,19
湖北,1937,19
湖北,1938,7
湖北,1939,4
湖北,1940,5
湖北,1941,7
湖北,1942,8
湖北,1943,16
湖北,1944,24
湖北,1945,31
湖北,1946,46
湖北,1947,70
湖北,1948,27
湖北,1949,13
湖北,1950,2
湖北,1951,1
湖北,1955,2
湖北,1958,1
湖北,1962,1
湖北,1964,1
湖北,1965,1
湖北,1967,1
湖北,1969,1
湖北,1974,1
湖北,1979,1
湖北,1981,1
湖北,1982,2
湖北,1983,2
湖北,1984,2
湖北,1985,6
湖北,1986,18
湖北,1987,58
湖北,1988,101
湖北,1989,170
湖北,1990,109
湖北,1991,99
湖北,1992,123
湖北,1993,154
湖北,1994,116
湖北,1995,86
湖北,1996,74
湖北,1997,59
湖北,1998,50
湖北,1999,41
湖北,2000,37
湖北,2001,37
湖北,2002,29
湖北,2003,35
湖北,2004,29
湖北,2005,28
湖北,2006,40
湖北,2007,39
湖北,2008,89
湖北,2009,70
湖北,2010,70
湖北,2011,98
湖北,2012,125
湖北,2013,94
湖北,2014,120
湖北,2015,94
湖北,2016,72
湖北,2017,88
湖北,2018,63
湖北,2019,50
湖北,2020,42
湖北,2021,21
湖北,2022,12
湖北,2023,10
湖南,1540,1
湖南,1584,1
湖南,1650,1
湖南,1673,1
湖南,1674,1
湖南,1696,1
湖南,1701,1
湖南,1708,1
湖南,1710,2
湖南,1714,1
湖南,1718,1
湖南,1722,1
湖南,1723,1
湖南,1724,1
湖南,1729,1
湖南,1731,1
湖南,1732,1
湖南,1733,2
湖南,1734,2
湖南,1736,1
湖南,1739,3
湖南,1740,1
湖南,1741,2
湖南,1744,1
湖南,1746,1
湖南,1749,4
湖南,1750,1
湖南,1751,3
湖南,1752,1
湖南,1753,2
湖南,1755,2
湖南,1756,3
湖南,1757,2
湖南,1758,2
湖南,1759,2
湖南,1760,2
湖南,1761,1
湖南,1762,2
湖南,1763,2
湖南,1764,5
湖南,1766,3
湖南,1767,2
湖南,1768,1
湖南,1769,2
湖南,1770,3
湖南,1771,2
湖南,1774,3
湖南,1775,4
湖南,1776,2
湖南,1777,1
湖南,1778,2
湖南,1779,1
湖南,1780,4
湖南,1781,1
湖南,1782,3
湖南,1783,3
湖南,1785,3
湖南,1786,1
湖南,1787,3
湖南,1788,1
湖南,1789,2
湖南,1790,4
湖南,1791,2
湖南,1792,2
湖南,1793,3
湖南,1794,7
湖南,1795,1
湖南,1796,2
湖南,1797,3
湖南,1798,8
湖南,1799,6
湖南,1800,8
湖南,1801,3
湖南,1802,5
湖南,1803,5
湖南,1804,2
湖南,1805,3
湖南,1806,3
湖南,1807,11
湖南,1808,4
湖南,1809,4
湖南,1810,5
湖南,1811,5
湖南,1812,4
湖南,1813,3
湖南,1814,5
湖南,1815,5
湖南,1816,6
湖南,1817,5
湖南,1818,7
湖南,1819,4
湖南,1820,8
湖南,1821,2
湖南,1822,3
湖南,1823,6
湖南,1824,8
湖南,1825,11
湖南,1826,12
湖南,1827,13
湖南,1828,14
湖南,1829,3
湖南,1830,4
湖南,1831,8
湖南,1832,8
湖南,1833,9
湖南,1834,7
湖南,1835,1
湖南,1836,1
湖南,1837,5
湖南,1838,10
湖南,1839,4
湖南,1840,12
湖南,1841,11
湖南,1842,9
湖南,1843,8
湖南,1844,12
湖南,1845,10
湖南,1846,10
湖南,1847,10
湖南,1848,15
湖南,1849,12
湖南,1850,8
湖南,1851,15
湖南,1852,5
湖南,1853,6
湖南,1854,10
湖南,1855,15
湖南,1856,6
湖南,1857,12
湖南,1858,21
湖南,1859,20
湖南,1860,27
湖南,1861,22
湖南,1862,22
湖南,1863,18
湖南,1864,23
湖南,1865,17
湖南,1866,30
湖南,1867,18
湖南,1868,23
湖南,1869,15
湖南,1870,16
湖南,1871,22
湖南,1872,18
湖南,1873,13
湖南,1874,20
湖南,1875,21
湖南,1876,18
湖南,1877,20
湖南,1878,17
湖南,1879,16
湖南,1880,24
湖南,1881,17
湖南,1882,14
湖南,1883,21
湖南,1884,19
湖南,1885,32
湖南,1886,17
湖南,1887,20
湖南,1888,19
湖南,1889,14
湖南,1890,17
湖南,1891,19
湖南,1892,27
湖南,1893,23
湖南,1894,23
湖南,1895,28
湖南,1896,15
湖南,1897,24
湖南,1898,36
湖南,1899,22
湖南,1900,30
湖南,1901,19
湖南,1902,27
湖南,1903,34
湖南,1904,32
湖南,1905,30
湖南,1906,24
湖南,1907,48
湖南,1908,40
湖南,1909,40
湖南,1910,25
湖南,1911,49
湖南,1912,26
湖南,1913,41
湖南,1914,47
湖南,1915,47
湖南,1916,48
湖南,1917,56
湖南,1918,26
湖南,1919,31
湖南,1920,29
湖南,1921,41
湖南,1922,34
湖南,1923,45
湖南,1924,52
湖南,1925,51
湖南,1926,37
湖南,1927,22
湖南,1928,50
湖南,1929,58
湖南,1930,53
湖南,1931,51
湖南,1932,39
湖南,1933,49
湖南,1934,42
湖南,1935,35
湖南,1936,53
湖南,1937,60
湖南,1938,55
湖南,1939,31
湖南,1940,40
湖南,1941,57
湖南,1942,46
湖南,1943,57
湖南,1944,40
湖南,1945,16
湖南,1946,34
湖南,1947,93
湖南,1948,511
湖南,1949,121
湖南,1950,3
湖南,1951,2
湖南,1952,1
湖南,1967,1
湖南,1968,1
湖南,1971,1
湖南,1975,1
湖南,1979,1
湖南,1981,2
湖南,1982,2
湖南,1984,1
湖南,1985,3
湖南,1986,6
湖南,1987,8
湖南,1988,13
湖南,1989,13
湖南,1990,30
湖南,1991,39
湖南,1992,63
湖南,1993,118
湖南,1994,142
湖南,1995,137
湖南,1996,105
湖南,1997,82
湖南,1998,61
湖南,1999,73
湖南,2000,84
湖南,2001,90
湖南,2002,70
湖南,2003,81
湖南,2004,92
湖南,2005,66
湖南,2006,88
湖南,2007,46
湖南,2008,46
湖南,2009,43
湖南,2010,43
湖南,2011,43
湖南,2012,57
湖南,2013,52
湖南,2014,76
湖南,2015,72
湖南,2016,107
湖南,2017,61
湖南,2018,59
湖南,2019,58
湖南,2020,63
湖南,2021,30
湖南,2022,15
湖南,2023,10
湖南,2024,2
甘肃,1681,1
甘肃,1737,1
甘肃,1851,1
甘肃,1853,1
甘肃,1854,1
甘肃,1867,1
甘肃,1868,1
甘肃,1874,1
甘肃,1879,1
甘肃,1881,1
甘肃,1899,1
甘肃,1925,1
甘肃,1926,1
甘肃,1928,2
甘肃,1932,1
甘肃,1936,2
甘肃,1943,1
甘肃,1980,1
甘肃,1990,1
甘肃,1992,2
甘肃,1993,1
甘肃,1994,1
甘肃,1995,2
甘肃,1996,2
甘肃,1997,2
甘肃,1999,2
甘肃,2001,2
甘肃,2002,2
甘肃,2003,3
甘肃,2004,6
甘肃,2005,2
甘肃,2006,9
甘肃,2007,4
甘肃,2008,9
甘肃,2009,2
甘肃,2010,5
甘肃,2011,7
甘肃,2012,8
甘肃,2013,6
甘肃,2014,4
甘肃,2015,6
甘肃,2016,8
甘肃,2017,14
甘肃,2018,7
甘肃,2019,10
甘肃,2020,7
甘肃,2021,9
甘肃,2022,4
福建,1498,1
福建,1523,1
福建,1570,1
福建,1573,1
福建,1574,1
福建,1587,1
福建,1593,1
福建,1594,1
福建,1604,1
福建,1620,1
福建,1627,1
福建,1672,1
福建,1673,1
福建,1674,1
福建,1692,1
福建,1703,1
福建,1707,1
福建,1710,1
福建,1712,1
福建,1721,2
福建,1724,2
福建,1726,1
福建,1727,1
福建,1730,1
福建,1735,1
福建,1748,1
福建,1750,2
福建,1753,1
福建,1756,1
福建,1757,2
福建,1758,2
福建,1760,1
福建,1762,1
福建,1764,1
福建,1768,1
福建,1769,1
福建,1772,1
福建,1773,1
福建,1779,1
福建,1780,1
福建,1781,1
福建,1782,2
福建,1783,2
福建,1786,2
福建,1791,1
福建,1793,1
福建,1794,1
福建,1797,1
福建,1798,1
福建,1800,1
福建,1802,5
福建,1803,1
福建,1805,2
福建,1809,1
福建,1811,3
福建,1812,1
福建,1814,1
福建,1815,3
福建,1817,3
福建,1821,3
福建,1822,1
福建,1823,5
福建,1824,1
福建,1825,3
福建,1827,2
福建,1828,2
福建,1829,3
福建,1831,1
福建,1833,2
福建,1834,2
福建,1835,1
福建,1836,2
福建,1838,1
福建,1839,1
福建,1840,3
福建,1841,1
福建,1843,2
福建,1844,2
福建,1846,3
福建,1847,3
福建,1849,3
福建,1851,4
福建,1852,1
福建,1853,1
福建,1854,4
福建,1856,2
福建,1857,1
福建,1858,1
福建,1860,2
福建,1861,2
福建,1862,1
福建,1864,1
福建,1865,3
福建,1866,3
福建,1867,6
福建,1868,5
福建,1869,1
福建,1870,2
福建,1871,5
福建,1872,9
福建,1873,6
福建,1874,7
福建,1875,2
福建,1876,6
福建,1877,4
福建,1878,3
福建,1880,2
福建,1881,4
福建,1882,4
福建,1883,5
福建,1884,3
福建,1885,4
福建,1886,2
福建,1887,6
福建,1888,9
福建,1889,4
福建,1890,8
福建,1891,3
福建,1892,5
福建,1893,5
福建,1894,6
福建,1895,6
福建,1896,4
福建,1897,9
福建,1898,8
福建,1899,3
福建,1900,7
福建,1901,4
福建,1902,4
福建,1903,3
福建,1904,5
福建,1905,9
福建,1906,7
福建,1907,6
福建,1908,10
福建,1909,7
福建,1910,7
福建,1911,7
福建,1912,7
福建,1913,7
福建,1914,7
福建,1915,5
福建,1916,6
福建,1917,8
福建,1918,5
福建,1919,9
福建,1920,9
福建,1921,6
福建,1922,4
福建,1923,7
福建,1924,9
福建,1925,10
福建,1926,10
福建,1927,3
福建,1928,9
福建,1929,6
福建,1930,8
福建,1931,10
福建,1932,6
福建,1933,12
福建,1934,9
福建,1935,9
福建,1936,9
福建,1937,8
福建,1938,7
福建,1939,8
福建,1940,2
福建,1941,8
福建,1942,10
福建,1943,5
福建,1944,9
福建,1945,13
福建,1946,10
福建,1947,12
福建,1948,6
福建,1949,17
福建,1950,6
福建,1951,1
福建,1953,3
福建,1954,7
福建,1955,5
福建,1956,4
福建,1957,4
福建,1958,4
福建,1959,3
福建,1960,2
福建,1961,6
福建,1962,3
福建,1963,5
福建,1964,7
福建,1965,2
福建,1966,2
福建,1967,2
福建,1968,3
福建,1969,5
福建,1970,1
福建,1971,3
福建,1972,4
福建,1973,1
福建,1974,4
福建,1975,3
福建,1976,7
福建,1977,5
福建,1978,14
福建,1979,11
福建,1980,8
福建,1981,127
福建,1982,19
福建,1983,5
福建,1984,19
福建,1985,16
福建,1986,33
福建,1987,18
福建,1988,24
福建,1989,34
福建,1990,53
福建,1991,60
福建,1992,57
福建,1993,75
福建,1994,65
福建,1995,112
福建,1996,79
福建,1997,73
福建,1998,66
福建,1999,68
福建,2000,89
福建,2001,54
福建,2002,78
福建,2003,69
福建,2004,81
福建,2005,72
福建,2006,64
福建,2007,91
福建,2008,75
福建,2009,86
福建,2010,81
福建,2011,78
福建,2012,88
福建,2013,72
福建,2014,67
福建,2015,62
福建,2016,48
福建,2017,42
福建,2018,43
福建,2019,33
福建,2020,24
福建,2021,10
福建,2022,8
福建,2023,4
西藏,1989,1
贵州,1895,1
贵州,1916,1
贵州,1917,1
贵州,1929,1
贵州,1930,1
贵州,1931,1
贵州,1934,1
贵州,1937,1
贵州,1939,1
贵州,1943,1
贵州,1961,1
贵州,1962,1
贵州,1963,2
贵州,1982,1
贵州,1985,3
贵州,1987,3
贵州,1989,2
贵州,1990,2
贵州,1991,2
贵州,1993,1
贵州,1994,3
贵州,1995,2
贵州,1996,3
贵州,1997,4
贵州,1998,8
贵州,1999,3
贵州,2000,9
贵州,2001,6
贵州,2002,6
贵州,2003,6
贵州,2004,4
贵州,2005,7
贵州,2006,8
贵州,2007,6
贵州,2008,13
贵州,2009,8
贵州,2010,6
贵州,2011,7
贵州,2012,21
贵州,2013,23
贵州,2014,30
贵州,2015,25
贵州,2016,23
贵州,2017,15
贵州,2018,22
贵州,2019,18
贵州,2020,12
贵州,2021,11
贵州,2022,12
贵州,2023,4
辽宁,1675,1
辽宁,1702,1
辽宁,1714,1
辽宁,1752,2
辽宁,1776,1
辽宁,1779,1
辽宁,1791,2
辽宁,1820,1
辽宁,1823,1
辽宁,1848,1
辽宁,1865,1
辽宁,1866,1
辽宁,1879,2
辽宁,1896,1
辽宁,1897,1
辽宁,1901,1
辽宁,1903,1
辽宁,1906,1
辽宁,1910,1
辽宁,1914,1
辽宁,1918,2
辽宁,1921,2
辽宁,1922,2
辽宁,1925,1
辽宁,1929,1
辽宁,1930,2
辽宁,1934,2
辽宁,1935,1
辽宁,1938,1
辽宁,1939,1
辽宁,1940,1
辽宁,1941,4
辽宁,1942,1
辽宁,1943,4
辽宁,1945,2
辽宁,1963,1
辽宁,1964,2
辽宁,1980,2
辽宁,1984,1
辽宁,1986,1
辽宁,1987,1
辽宁,1988,4
辽宁,1990,10
辽宁,1991,2
辽宁,1992,4
辽宁,1993,5
辽宁,1994,9
辽宁,1995,1
辽宁,1996,3
辽宁,1997,8
辽宁,1998,10
辽宁,1999,11
辽宁,2000,19
辽宁,2001,12
辽宁,2002,3
辽宁,2003,10
辽宁,2004,5
辽宁,2005,9
辽宁,2006,9
辽宁,2007,4
辽宁,2008,9
辽宁,2009,7
辽宁,2010,10
辽宁,2011,7
辽宁,2012,6
辽宁,2013,1
辽宁,2014,3
辽宁,2015,6
辽宁,2016,3
辽宁,2017,7
辽宁,2018,1
辽宁,2019,4
辽宁,2020,6
辽宁,2021,1
重庆市,1694,1
重庆市,1752,1
重庆市,1790,1
重庆市,1805,1
重庆市,1837,2
重庆市,1845,1
重庆市,1849,1
重庆市,1854,1
重庆市,1858,1
重庆市,1860,1
重庆市,1864,1
重庆市,1868,1
重庆市,1871,1
重庆市,1872,1
重庆市,1877,1
重庆市,1880,1
重庆市,1882,2
重庆市,1883,1
重庆市,1885,1
重庆市,1887,1
重庆市,1888,1
重庆市,1889,1
重庆市,1890,1
重庆市,1892,3
重庆市,1893,1
重庆市,1894,2
重庆市,1900,2
重庆市,1901,2
重庆市,1903,1
重庆市,1906,1
重庆市,1909,1
重庆市,1911,2
重庆市,1914,2
重庆市,1915,1
重庆市,1916,2
重庆市,1917,2
重庆市,1918,1
重庆市,1919,2
重庆市,1920,2
重庆市,1921,2
重庆市,1922,3
重庆市,1923,2
重庆市,1924,2
重庆市,1925,3
重庆市,1926,4
重庆市,1928,2
重庆市,1929,5
重庆市,1930,4
重庆市,1931,1
重庆市,1932,2
重庆市,1933,2
重庆市,1934,4
重庆市,1935,1
重庆市,1936,1
重庆市,1937,1
重庆市,1938,2
重庆市,1939,2
重庆市,1940,1
重庆市,1941,1
重庆市,1942,3
重庆市,1944,3
重庆市,1946,1
重庆市,1947,1
重庆市,1948,3
重庆市,1950,1
重庆市,1961,1
重庆市,1977,1
重庆市,1981,3
重庆市,1983,2
重庆市,1985,4
重庆市,1986,2
重庆市,1987,2
重庆市,1988,2
重庆市,1989,5
重庆市,1990,3
重庆市,1991,7
重庆市,1992,7
重庆市,1993,13
重庆市,1994,20
重庆市,1995,21
重庆市,1996,22
重庆市,1997,15
重庆市,1998,28
重庆市,1999,39
重庆市,2000,51
重庆市,2001,29
重庆市,2002,29
重庆市,2003,35
重庆市,2004,39
重庆市,2005,38
重庆市,2006,42
重庆市,2007,37
重庆市,2008,45
重庆市,2009,45
重庆市,2010,50
重庆市,2011,72
重庆市,2012,72
重庆市,2013,58
重庆市,2014,52
重庆市,2015,78
重庆市,2016,68
重庆市,2017,55
重庆市,2018,40
重庆市,2019,38
重庆市,2020,43
重庆市,2021,18
重庆市,2022,8
重庆市,2023,3
陕西,1684,1
陕西,1698,1
陕西,1719,1
陕西,1723,1
陕西,1731,1
陕西,1734,2
陕西,1747,1
陕西,1750,1
陕西,1752,1
陕西,1755,1
陕西,1772,1
陕西,1776,1
陕西,1791,1
陕西,1794,1
陕西,1803,1
陕西,1804,1
陕西,1808,1
陕西,1809,1
陕西,1812,1
陕西,1822,2
陕西,1825,2
陕西,1831,1
陕西,1838,1
陕西,1842,1
陕西,1849,1
陕西,1855,1
陕西,1858,1
陕西,1860,2
陕西,1868,1
陕西,1869,1
陕西,1870,1
陕西,1873,1
陕西,1874,1
陕西,1881,1
陕西,1883,1
陕西,1884,1
陕西,1885,1
陕西,1887,1
陕西,1889,2
陕西,1890,1
陕西,1891,1
陕西,1895,1
陕西,1897,1
陕西,1898,2
陕西,1899,1
陕西,1902,1
陕西,1903,2
陕西,1905,1
陕西,1908,1
陕西,1910,1
陕西,1911,3
陕西,1914,2
陕西,1916,1
陕西,1917,1
陕西,1920,2
陕西,1925,1
陕西,1927,2
陕西,1928,1
陕西,1929,1
陕西,1932,2
陕西,1934,2
陕西,1935,2
陕西,1936,1
陕西,1938,1
陕西,1942,3
陕西,1943,2
陕西,1944,2
陕西,1945,1
陕西,1946,2
陕西,1947,1
陕西,1948,1
陕西,1949,1
陕西,1951,1
陕西,1952,1
陕西,1957,4
陕西,1959,1
陕西,1960,1
陕西,1963,6
陕西,1964,1
陕西,1971,1
陕西,1973,1
陕西,1981,2
陕西,1983,1
陕西,1984,3
陕西,1987,2
陕西,1990,6
陕西,1991,2
陕西,1992,4
陕西,1993,2
陕西,1994,2
陕西,1995,3
陕西,1996,3
陕西,1997,7
陕西,1998,9
陕西,1999,12
陕西,2000,20
陕西,2001,5
陕西,2002,5
陕西,2003,4
陕西,2004,6
陕西,2005,8
陕西,2006,12
陕西,2007,8
陕西,2008,11
陕西,2009,12
陕西,2010,13
陕西,2011,26
陕西,2012,24
陕西,2013,28
陕西,2014,32
陕西,2015,24
陕西,2016,31
陕西,2017,43
陕西,2018,44
陕西,2019,55
陕西,2020,31
陕西,2021,10
陕西,2022,6
陕西,2023,3
青海,1837,1
青海,1984,1
青海,1985,1
青海,1988,3
青海,2003,1
青海,2013,3
青海,2014,3
青海,2015,1
青海,2016,1
青海,2017,1
青海,2018,2
青海,2020,1
香港特别行政区,1955,1
香港特别行政区,1956,2
香港特别行政区,1965,1
香港特别行政区,1980,1
香港特别行政区,1981,1
香港特别行政区,1985,1
香港特别行政区,2009,2
黑龙江,1926,1
黑龙江,1976,1
黑龙江,1995,2
黑龙江,1998,1
黑龙江,1999,1
黑龙江,2000,1
黑龙江,2001,1
黑龙江,2003,2
黑龙江,2011,2
黑龙江,2012,1
黑龙江,2013,2
黑龙江,2014,1
黑龙江,2015,1
黑龙江,2017,2
黑龙江,2019,1
黑龙江,2022,1
